CustomerType,orderDate,grossSales,numberOfOrders
New Customer Order,2012-01-01,1416.761364,9
New Customer Order,2012-01-02,1027.17803,5
New Customer Order,2012-01-03,678.219697,5
New Customer Order,2012-01-04,280.7765152,4
New Customer Order,2012-01-05,277.2727273,2
New Customer Order,2012-01-06,688.5416667,6
New Customer Order,2012-01-07,475.5681818,4
New Customer Order,2012-01-08,357.2916667,4
New Customer Order,2012-01-09,509.0909091,3
New Customer Order,2012-01-10,746.3068182,6
New Customer Order,2012-01-11,755.7765152,7
New Customer Order,2012-01-12,901.5151515,5
New Customer Order,2012-01-13,87.97348485,1
New Customer Order,2012-01-14,923.7689394,11
New Customer Order,2012-01-15,481.25,3
New Customer Order,2012-01-16,450.2840909,3
New Customer Order,2012-01-17,175.9469697,1
New Customer Order,2012-01-18,431.344697,3
New Customer Order,2012-01-19,1246.022727,8
New Customer Order,2012-01-20,196.6856061,2
New Customer Order,2012-01-21,3430.30303,25
New Customer Order,2012-01-22,1090.909091,11
New Customer Order,2012-01-23,752.3674242,8
New Customer Order,2012-01-24,561.5530303,7
New Customer Order,2012-01-25,1143.181818,9
New Customer Order,2012-01-26,1351.704545,12
New Customer Order,2012-01-27,356.344697,4
New Customer Order,2012-01-28,958.3333333,12
New Customer Order,2012-01-29,408.2386364,6
New Customer Order,2012-01-30,1063.257576,3
New Customer Order,2012-01-31,487.1212121,5
New Customer Order,2012-02-01,1145.643939,8
New Customer Order,2012-02-02,343.1818182,3
New Customer Order,2012-02-03,369.0340909,2
New Customer Order,2012-02-04,395.2651515,4
New Customer Order,2012-02-05,671.6856061,5
New Customer Order,2012-02-06,166.4772727,1
New Customer Order,2012-02-07,140.719697,3
New Customer Order,2012-02-08,1297.064394,4
New Customer Order,2012-02-09,579.9242424,6
New Customer Order,2012-02-10,37.78409091,1
New Customer Order,2012-02-12,191.9507576,2
New Customer Order,2012-02-13,770.9280303,5
New Customer Order,2012-02-14,787.9734848,8
New Customer Order,2012-02-15,399.0530303,5
New Customer Order,2012-02-16,757.1969697,3
New Customer Order,2012-02-17,142.8030303,1
New Customer Order,2012-02-18,753.8825758,5
New Customer Order,2012-02-19,61.45833333,1
New Customer Order,2012-02-20,193.9393939,2
New Customer Order,2012-02-21,372.8219697,1
New Customer Order,2012-02-22,1026.420455,5
New Customer Order,2012-02-23,1264.393939,7
New Customer Order,2012-02-24,1315.530303,7
New Customer Order,2012-02-25,554.1666667,3
New Customer Order,2012-02-26,198.6742424,2
New Customer Order,2012-02-27,748.3901515,6
New Customer Order,2012-02-28,279.9242424,3
New Customer Order,2012-02-29,863.6363636,8
New Customer Order,2012-03-01,428.5037879,3
New Customer Order,2012-03-02,350.9469697,2
New Customer Order,2012-03-03,164.4886364,2
New Customer Order,2012-03-04,1258.238636,7
New Customer Order,2012-03-05,831.8181818,3
New Customer Order,2012-03-06,1336.877395,6
New Customer Order,2012-03-07,1398.94636,10
New Customer Order,2012-03-08,1154.789272,8
New Customer Order,2012-03-09,390.5172414,2
New Customer Order,2012-03-10,67.2605364,1
New Customer Order,2012-03-11,1170.210728,7
New Customer Order,2012-03-12,531.0344828,4
New Customer Order,2012-03-13,327.2030651,2
New Customer Order,2012-03-14,1240.708812,7
New Customer Order,2012-03-15,709.8659004,4
New Customer Order,2012-03-16,489.9425287,4
New Customer Order,2012-03-17,828.5440613,6
New Customer Order,2012-03-18,359.0229885,4
New Customer Order,2012-03-19,178.8314176,2
New Customer Order,2012-03-20,1918.390805,11
New Customer Order,2012-03-21,106.2260536,1
New Customer Order,2012-03-22,854.5977011,6
New Customer Order,2012-03-23,233.3333333,4
New Customer Order,2012-03-24,1145.210728,8
New Customer Order,2012-03-25,1291.954023,9
New Customer Order,2012-03-26,357.7586207,5
New Customer Order,2012-03-27,435.3448276,3
New Customer Order,2012-03-28,1901.915709,8
New Customer Order,2012-03-29,395.1149425,3
New Customer Order,2012-03-30,1298.668582,8
New Customer Order,2012-03-31,88.98467433,1
New Customer Order,2012-04-01,2278.256705,15
New Customer Order,2012-04-02,1125.191571,6
New Customer Order,2012-04-03,820.7854406,8
New Customer Order,2012-04-04,1181.609195,9
New Customer Order,2012-04-05,880.2681992,5
New Customer Order,2012-04-06,679.3103448,4
New Customer Order,2012-04-07,406.8007663,2
New Customer Order,2012-04-08,2009.386973,8
New Customer Order,2012-04-09,120.4980843,1
New Customer Order,2012-04-10,467.7203065,7
New Customer Order,2012-04-11,387.5478927,3
New Customer Order,2012-04-12,741.5708812,3
New Customer Order,2012-04-13,2276.532567,10
New Customer Order,2012-04-14,640.9003831,3
New Customer Order,2012-04-15,1033.237548,6
New Customer Order,2012-04-16,682.6628352,3
New Customer Order,2012-04-17,1911.590038,11
New Customer Order,2012-04-18,1158.716475,7
New Customer Order,2012-04-19,213.4099617,1
New Customer Order,2012-04-20,1106.034483,8
New Customer Order,2012-04-21,661.5900383,3
New Customer Order,2012-04-22,530.7471264,4
New Customer Order,2012-04-23,222.9885057,2
New Customer Order,2012-04-24,1298.180077,8
New Customer Order,2012-04-25,954.6934866,7
New Customer Order,2012-04-26,1562.260536,7
New Customer Order,2012-04-27,1521.264368,10
New Customer Order,2012-04-28,623.8505747,3
New Customer Order,2012-04-29,575.4789272,3
New Customer Order,2012-04-30,1363.314176,6
New Customer Order,2012-05-01,360.7279693,3
New Customer Order,2012-05-02,573.8505747,4
New Customer Order,2012-05-03,1982.950192,9
New Customer Order,2012-05-04,809.4827586,6
New Customer Order,2012-05-05,584.4827586,5
New Customer Order,2012-05-06,2530.363985,15
New Customer Order,2012-05-07,710.8237548,4
New Customer Order,2012-05-08,1096.072797,6
New Customer Order,2012-05-09,401.0536398,1
New Customer Order,2012-05-10,1276.436782,7
New Customer Order,2012-05-11,684.9616858,4
New Customer Order,2012-05-12,402.5862069,2
New Customer Order,2012-05-13,927.7777778,6
New Customer Order,2012-05-14,589.2720307,3
New Customer Order,2012-05-15,645.5938697,4
New Customer Order,2012-05-16,976.8199234,7
New Customer Order,2012-05-17,723.8505747,4
New Customer Order,2012-05-18,1077.969349,11
New Customer Order,2012-05-19,695.3065134,5
New Customer Order,2012-05-20,872.5095785,9
New Customer Order,2012-05-21,535.2490421,2
New Customer Order,2012-05-22,952.7777778,8
New Customer Order,2012-05-23,1605.268199,11
New Customer Order,2012-05-24,1496.551724,10
New Customer Order,2012-05-25,4522.126437,21
New Customer Order,2012-05-26,636.2068966,3
New Customer Order,2012-05-27,165.4214559,3
New Customer Order,2012-05-28,736.8773946,3
New Customer Order,2012-05-29,2201.340996,13
New Customer Order,2012-05-30,885.8237548,7
New Customer Order,2012-05-31,1728.544061,12
New Customer Order,2012-06-01,1112.547893,7
New Customer Order,2012-06-02,171.2643678,2
New Customer Order,2012-06-03,1334.386973,9
New Customer Order,2012-06-04,888.6015326,6
New Customer Order,2012-06-05,853.4482759,6
New Customer Order,2012-06-06,369.348659,3
New Customer Order,2012-06-07,600.862069,5
New Customer Order,2012-06-08,935.6321839,9
New Customer Order,2012-06-09,675.3831418,3
New Customer Order,2012-06-10,1133.812261,8
New Customer Order,2012-06-11,274.5210728,3
New Customer Order,2012-06-12,511.6858238,4
New Customer Order,2012-06-13,1968.773946,9
New Customer Order,2012-06-14,770.3065134,4
New Customer Order,2012-06-15,944.2528736,6
New Customer Order,2012-06-16,157.8544061,2
New Customer Order,2012-06-17,1232.183908,8
New Customer Order,2012-06-18,629.789272,4
New Customer Order,2012-06-19,2444.252874,12
New Customer Order,2012-06-20,603.4482759,6
New Customer Order,2012-06-21,1248.563218,6
New Customer Order,2012-06-22,1697.701149,10
New Customer Order,2012-06-23,722.2222222,4
New Customer Order,2012-06-24,3192.241379,20
New Customer Order,2012-06-25,676.2452107,5
New Customer Order,2012-06-26,500.1915709,4
New Customer Order,2012-06-27,675.862069,7
New Customer Order,2012-06-28,725.862069,5
New Customer Order,2012-06-29,512.6436782,4
New Customer Order,2012-06-30,710.8237548,4
New Customer Order,2012-07-01,1554.310345,8
New Customer Order,2012-07-02,341.4750958,3
New Customer Order,2012-07-03,1525.670498,8
New Customer Order,2012-07-04,1057.279693,5
New Customer Order,2012-07-05,1247.318008,8
New Customer Order,2012-07-06,495.5938697,5
New Customer Order,2012-07-07,4381.800766,23
New Customer Order,2012-07-08,610.3448276,5
New Customer Order,2012-07-09,347.3180077,2
New Customer Order,2012-07-10,2028.735632,16
New Customer Order,2012-07-11,181.6091954,2
New Customer Order,2012-07-12,2266.762452,16
New Customer Order,2012-07-13,622.7011494,4
New Customer Order,2012-07-14,514.6551724,3
New Customer Order,2012-07-15,1016.762452,8
New Customer Order,2012-07-16,1507.854406,6
New Customer Order,2012-07-17,1378.735632,9
New Customer Order,2012-07-18,120.5076628,1
New Customer Order,2012-07-19,1919.233716,14
New Customer Order,2012-07-20,1146.37931,10
New Customer Order,2012-07-21,3059.54023,16
New Customer Order,2012-07-22,3062.260536,25
New Customer Order,2012-07-23,2943.007663,12
New Customer Order,2012-07-24,925.5747126,8
New Customer Order,2012-07-25,1028.35249,6
New Customer Order,2012-07-26,1703.35249,13
New Customer Order,2012-07-27,860.3448276,7
New Customer Order,2012-07-28,1401.724138,9
New Customer Order,2012-07-29,1451.149425,15
New Customer Order,2012-07-30,1831.992337,13
New Customer Order,2012-07-31,2876.915709,22
New Customer Order,2012-08-01,516.2835249,5
New Customer Order,2012-08-02,1097.605364,3
New Customer Order,2012-08-03,1152.681992,7
New Customer Order,2012-08-04,1553.065134,10
New Customer Order,2012-08-05,865.2298851,8
New Customer Order,2012-08-06,814.9425287,7
New Customer Order,2012-08-07,1013.122605,7
New Customer Order,2012-08-08,957.9501916,5
New Customer Order,2012-08-09,424.7126437,3
New Customer Order,2012-08-10,1406.800766,6
New Customer Order,2012-08-11,2341.570881,15
New Customer Order,2012-08-12,5088.218391,26
New Customer Order,2012-08-13,520.4980843,4
New Customer Order,2012-08-14,1780.45977,12
New Customer Order,2012-08-15,747.7011494,5
New Customer Order,2012-08-16,638.0268199,6
New Customer Order,2012-08-17,395.0191571,6
New Customer Order,2012-08-18,361.2068966,4
New Customer Order,2012-08-19,1880.651341,14
New Customer Order,2012-08-20,661.1111111,6
New Customer Order,2012-08-21,788.8888889,6
New Customer Order,2012-08-22,768.4961686,7
New Customer Order,2012-08-23,1177.586207,8
New Customer Order,2012-08-24,315.6130268,3
New Customer Order,2012-08-25,996.2260536,8
New Customer Order,2012-08-26,77.29885057,1
New Customer Order,2012-08-27,1150.957854,8
New Customer Order,2012-08-28,1023.94636,6
New Customer Order,2012-08-29,1540.613027,16
New Customer Order,2012-08-30,447.7011494,5
New Customer Order,2012-08-31,1975.287356,9
New Customer Order,2012-09-01,620.7854406,5
New Customer Order,2012-09-02,561.6858238,6
New Customer Order,2012-09-03,188.4099617,2
New Customer Order,2012-09-04,1525.478927,13
New Customer Order,2012-09-05,2287.164751,7
New Customer Order,2012-09-06,2552.10728,13
New Customer Order,2012-09-07,1388.473088,8
New Customer Order,2012-09-08,971.686747,5
New Customer Order,2012-09-09,3399.116466,12
New Customer Order,2012-09-10,1481.124498,8
New Customer Order,2012-09-11,1126.305221,6
New Customer Order,2012-09-12,902.811245,7
New Customer Order,2012-09-13,519.4779116,4
New Customer Order,2012-09-14,2696.184739,11
New Customer Order,2012-09-15,2219.106426,10
New Customer Order,2012-09-16,1251.807229,8
New Customer Order,2012-09-17,88.25301205,1
New Customer Order,2012-09-18,1586.84739,9
New Customer Order,2012-09-19,1513.554217,10
New Customer Order,2012-09-20,3301.305221,15
New Customer Order,2012-09-21,1027.911647,7
New Customer Order,2012-09-22,1090.261044,7
New Customer Order,2012-09-23,1578.514056,9
New Customer Order,2012-09-24,985.3614458,3
New Customer Order,2012-09-25,3052.811245,6
New Customer Order,2012-09-26,757.9518072,6
New Customer Order,2012-09-27,1469.678715,9
New Customer Order,2012-09-28,2973.393574,8
New Customer Order,2012-09-29,452.2088353,4
New Customer Order,2012-09-30,3669.779116,16
New Customer Order,2012-10-01,1523.795181,8
New Customer Order,2012-10-02,3249.899598,15
New Customer Order,2012-10-03,1169.477912,8
New Customer Order,2012-10-04,2751.506024,17
New Customer Order,2012-10-05,1314.056225,6
New Customer Order,2012-10-06,717.1686747,5
New Customer Order,2012-10-07,3186.24498,11
New Customer Order,2012-10-08,1419.37751,8
New Customer Order,2012-10-09,2082.228916,12
New Customer Order,2012-10-10,5392.871486,15
New Customer Order,2012-10-11,2936.746988,16
New Customer Order,2012-10-12,409.3373494,3
New Customer Order,2012-10-13,3221.556225,13
New Customer Order,2012-10-14,1922.991968,8
New Customer Order,2012-10-15,1851.305221,9
New Customer Order,2012-10-16,1278.915663,6
New Customer Order,2012-10-17,3932.028112,16
New Customer Order,2012-10-18,1537.851406,9
New Customer Order,2012-10-19,3697.088353,12
New Customer Order,2012-10-20,300.9036145,2
New Customer Order,2012-10-21,1802.610442,15
New Customer Order,2012-10-22,1316.064257,11
New Customer Order,2012-10-23,1875.60241,12
New Customer Order,2012-10-24,1179.618474,7
New Customer Order,2012-10-25,2032.228916,14
New Customer Order,2012-10-26,1850.60241,7
New Customer Order,2012-10-27,830.62249,5
New Customer Order,2012-10-28,4826.606426,17
New Customer Order,2012-10-29,1085.240964,7
New Customer Order,2012-10-30,2520.582329,8
New Customer Order,2012-10-31,1566.686747,5
New Customer Order,2012-11-01,1479.317269,8
New Customer Order,2012-11-02,976.0040161,6
New Customer Order,2012-11-03,1032.128514,6
New Customer Order,2012-11-04,2996.987952,16
New Customer Order,2012-11-05,1295.983936,8
New Customer Order,2012-11-06,2411.947791,9
New Customer Order,2012-11-07,266.6666667,3
New Customer Order,2012-11-08,1436.746988,11
New Customer Order,2012-11-09,587.751004,4
New Customer Order,2012-11-10,1056.325301,6
New Customer Order,2012-11-11,1146.787149,8
New Customer Order,2012-11-12,58.13253012,1
New Customer Order,2012-11-13,2384.236948,9
New Customer Order,2012-11-14,2312.951807,11
New Customer Order,2012-11-15,1239.759036,8
New Customer Order,2012-11-16,1283.835341,7
New Customer Order,2012-11-17,941.8674699,5
New Customer Order,2012-11-18,942.8714859,7
New Customer Order,2012-11-19,1165.461847,8
New Customer Order,2012-11-20,2135.441767,15
New Customer Order,2012-11-21,2013.15261,10
New Customer Order,2012-11-22,2128.514056,16
New Customer Order,2012-11-23,1510.441767,6
New Customer Order,2012-11-24,1217.771084,4
New Customer Order,2012-11-25,3203.514056,16
New Customer Order,2012-11-26,141.3654618,2
New Customer Order,2012-11-27,1521.586345,6
New Customer Order,2012-11-28,1353.11245,10
New Customer Order,2012-11-29,2320.783133,16
New Customer Order,2012-11-30,2083.333333,8
New Customer Order,2012-12-01,1077.409639,3
New Customer Order,2012-12-02,2068.172691,12
New Customer Order,2012-12-03,1258.73494,8
New Customer Order,2012-12-04,2462.951807,10
New Customer Order,2012-12-05,130.3212851,2
New Customer Order,2012-12-06,1657.048193,11
New Customer Order,2012-12-07,782.4297189,5
New Customer Order,2012-12-08,1759.538153,9
New Customer Order,2012-12-09,2715.863454,13
New Customer Order,2012-12-10,1399.39759,6
New Customer Order,2012-12-11,1723.192771,9
New Customer Order,2012-12-12,1138.222892,7
New Customer Order,2012-12-13,1623.072289,9
New Customer Order,2012-12-14,3220.080321,12
New Customer Order,2012-12-15,2313.624498,14
New Customer Order,2012-12-16,685.9437751,5
New Customer Order,2012-12-17,1487.771084,10
New Customer Order,2012-12-18,2670.381526,16
New Customer Order,2012-12-19,2044.477912,18
New Customer Order,2012-12-20,1103.212851,10
New Customer Order,2012-12-21,1791.566265,4
New Customer Order,2012-12-22,1286.144578,3
New Customer Order,2012-12-23,1080.321285,7
New Customer Order,2012-12-24,1204.116466,4
New Customer Order,2012-12-25,379.1164659,2
New Customer Order,2012-12-26,353.815261,5
New Customer Order,2012-12-27,2616.566265,17
New Customer Order,2012-12-28,2512.148594,14
New Customer Order,2012-12-29,1764.558233,11
New Customer Order,2012-12-30,442.4698795,3
New Customer Order,2012-12-31,2852.208835,7
New Customer Order,2013-01-01,910.7429719,6
New Customer Order,2013-01-02,881.746988,6
New Customer Order,2013-01-03,1774.899598,11
New Customer Order,2013-01-04,803.2128514,8
New Customer Order,2013-01-05,1860.542169,4
New Customer Order,2013-01-06,1139.457831,5
New Customer Order,2013-01-07,553.313253,6
New Customer Order,2013-01-08,3425.291165,20
New Customer Order,2013-01-09,1710.64257,10
New Customer Order,2013-01-10,1879.939759,14
New Customer Order,2013-01-11,1443.975904,12
New Customer Order,2013-01-12,980.7228916,5
New Customer Order,2013-01-13,890.3614458,5
New Customer Order,2013-01-14,365.4618474,4
New Customer Order,2013-01-15,2426.024096,17
New Customer Order,2013-01-16,670.7831325,5
New Customer Order,2013-01-17,1654.718876,11
New Customer Order,2013-01-18,1647.48996,10
New Customer Order,2013-01-19,652.5100402,6
New Customer Order,2013-01-20,3611.445783,29
New Customer Order,2013-01-21,2081.526104,12
New Customer Order,2013-01-22,1925.100402,11
New Customer Order,2013-01-23,1063.955823,6
New Customer Order,2013-01-24,1323.795181,11
New Customer Order,2013-01-25,2095.883534,13
New Customer Order,2013-01-26,1926.706827,11
New Customer Order,2013-01-27,2339.056225,19
New Customer Order,2013-01-28,1528.212851,12
New Customer Order,2013-01-29,2079.317269,16
New Customer Order,2013-01-30,1254.618474,9
New Customer Order,2013-01-31,648.7951807,6
New Customer Order,2013-02-01,4145.281124,23
New Customer Order,2013-02-02,1551.104418,9
New Customer Order,2013-02-03,895.1807229,10
New Customer Order,2013-02-04,764.9598394,7
New Customer Order,2013-02-05,1515.361446,12
New Customer Order,2013-02-06,704.6184739,8
New Customer Order,2013-02-07,2883.634538,15
New Customer Order,2013-02-08,1698.293173,18
New Customer Order,2013-02-09,1668.373494,11
New Customer Order,2013-02-10,1378.714859,10
New Customer Order,2013-02-11,589.3574297,5
New Customer Order,2013-02-12,1113.253012,8
New Customer Order,2013-02-13,2034.036145,13
New Customer Order,2013-02-14,1792.269076,14
New Customer Order,2013-02-15,613.3534137,6
New Customer Order,2013-02-16,587.248996,5
New Customer Order,2013-02-17,4963.453815,15
New Customer Order,2013-02-18,2095.180723,9
New Customer Order,2013-02-19,2730.120482,9
New Customer Order,2013-02-20,1103.212851,7
New Customer Order,2013-02-21,1589.457831,13
New Customer Order,2013-02-22,825.3012048,5
New Customer Order,2013-02-23,944.2771084,9
New Customer Order,2013-02-24,3784.939759,12
New Customer Order,2013-02-25,1511.345382,12
New Customer Order,2013-02-26,2613.274208,15
New Customer Order,2013-02-27,1019.907407,8
New Customer Order,2013-02-28,1374.259259,10
New Customer Order,2013-03-01,3073.981481,24
New Customer Order,2013-03-02,1308.333333,11
New Customer Order,2013-03-03,2168.796296,16
New Customer Order,2013-03-04,1495,7
New Customer Order,2013-03-05,2263.518519,15
New Customer Order,2013-03-06,695.6481481,3
New Customer Order,2013-03-07,973.1481481,8
New Customer Order,2013-03-08,1677.777778,15
New Customer Order,2013-03-09,1817.314815,10
New Customer Order,2013-03-10,2268.888889,16
New Customer Order,2013-03-11,1012.777778,6
New Customer Order,2013-03-12,2840.740741,17
New Customer Order,2013-03-13,1110.462963,7
New Customer Order,2013-03-14,2874.166667,13
New Customer Order,2013-03-15,3256.490741,16
New Customer Order,2013-03-16,671.4814815,6
New Customer Order,2013-03-17,2703.055556,15
New Customer Order,2013-03-18,2094.907407,14
New Customer Order,2013-03-19,3768.888889,23
New Customer Order,2013-03-20,1542.962963,7
New Customer Order,2013-03-21,2849.814815,20
New Customer Order,2013-03-22,522.4074074,6
New Customer Order,2013-03-23,2500.740741,6
New Customer Order,2013-03-24,2797.12963,11
New Customer Order,2013-03-25,3708.703704,8
New Customer Order,2013-03-26,1851.666667,16
New Customer Order,2013-03-27,591.6666667,3
New Customer Order,2013-03-28,2242.962963,15
New Customer Order,2013-03-29,594.9074074,2
New Customer Order,2013-03-30,1443.055556,8
New Customer Order,2013-03-31,1139.074074,8
New Customer Order,2013-04-01,1421.481481,10
New Customer Order,2013-04-02,1574.351852,8
New Customer Order,2013-04-03,1172.962963,11
New Customer Order,2013-04-04,1430.185185,9
New Customer Order,2013-04-05,1136.851852,8
New Customer Order,2013-04-06,1636.481481,7
New Customer Order,2013-04-07,3789.814815,20
New Customer Order,2013-04-08,1131.759259,8
New Customer Order,2013-04-09,1341.296296,12
New Customer Order,2013-04-10,1521.398148,10
New Customer Order,2013-04-11,3251.388889,17
New Customer Order,2013-04-12,1620.277778,11
New Customer Order,2013-04-13,2121.666667,10
New Customer Order,2013-04-14,2843.703704,15
New Customer Order,2013-04-15,2438.857678,10
New Customer Order,2013-04-16,3155.243446,16
New Customer Order,2013-04-17,824.7191011,6
New Customer Order,2013-04-18,2940.636704,17
New Customer Order,2013-04-19,1923.033708,15
New Customer Order,2013-04-20,1949.438202,12
New Customer Order,2013-04-21,5499.344569,32
New Customer Order,2013-04-22,2126.872659,12
New Customer Order,2013-04-23,3680.05618,23
New Customer Order,2013-04-24,4345.411985,16
New Customer Order,2013-04-25,4154.962547,26
New Customer Order,2013-04-26,3146.348315,14
New Customer Order,2013-04-27,3323.689139,13
New Customer Order,2013-04-28,3994.94382,31
New Customer Order,2013-04-29,3597.097378,20
New Customer Order,2013-04-30,5046.254682,31
New Customer Order,2013-05-01,3237.453184,23
New Customer Order,2013-05-02,3641.479401,28
New Customer Order,2013-05-03,2610.018727,18
New Customer Order,2013-05-04,743.3520599,6
New Customer Order,2013-05-05,4806.835206,23
New Customer Order,2013-05-06,3308.801498,19
New Customer Order,2013-05-07,1515.82397,13
New Customer Order,2013-05-08,1790.82397,18
New Customer Order,2013-05-09,2377.996255,11
New Customer Order,2013-05-10,1368.258427,10
New Customer Order,2013-05-11,3455.243446,10
New Customer Order,2013-05-12,3923.689139,26
New Customer Order,2013-05-13,1472.191011,10
New Customer Order,2013-05-14,1815.074906,14
New Customer Order,2013-05-15,2359.456929,14
New Customer Order,2013-05-16,3443.071161,20
New Customer Order,2013-05-17,3398.595506,17
New Customer Order,2013-05-18,1469.475655,6
New Customer Order,2013-05-19,2938.576779,15
New Customer Order,2013-05-20,3189.981273,17
New Customer Order,2013-05-21,2620.131086,19
New Customer Order,2013-05-22,1836.610487,14
New Customer Order,2013-05-23,1473.689139,9
New Customer Order,2013-05-24,2791.853933,15
New Customer Order,2013-05-25,3407.593633,19
New Customer Order,2013-05-26,3350.11236,17
New Customer Order,2013-05-27,2319.962547,16
New Customer Order,2013-05-28,2373.595506,15
New Customer Order,2013-05-29,3383.820225,16
New Customer Order,2013-05-30,3263.389513,18
New Customer Order,2013-05-31,2946.254682,18
New Customer Order,2013-06-01,2402.902622,9
New Customer Order,2013-06-02,2623.32397,14
New Customer Order,2013-06-03,3482.219101,11
New Customer Order,2013-06-04,3791.666667,24
New Customer Order,2013-06-05,1451.498127,12
New Customer Order,2013-06-06,890.1685393,6
New Customer Order,2013-06-07,2080.149813,11
New Customer Order,2013-06-08,231.3764045,2
New Customer Order,2013-06-09,4697.003745,36
New Customer Order,2013-06-10,4600.374532,21
New Customer Order,2013-06-11,1328.370787,5
New Customer Order,2013-06-12,1072.097378,5
New Customer Order,2013-06-13,2533.2397,14
New Customer Order,2013-06-14,2236.797753,8
New Customer Order,2013-06-15,1868.913858,11
New Customer Order,2013-06-16,4747.790262,27
New Customer Order,2013-06-17,3289.06367,20
New Customer Order,2013-06-18,2603.464419,15
New Customer Order,2013-06-19,992.2284644,7
New Customer Order,2013-06-20,2754.88764,15
New Customer Order,2013-06-21,2603.277154,19
New Customer Order,2013-06-22,514.1385768,6
New Customer Order,2013-06-23,7960.393258,45
New Customer Order,2013-06-24,2170.318352,14
New Customer Order,2013-06-25,2008.595506,18
New Customer Order,2013-06-26,1460.608614,8
New Customer Order,2013-06-27,1868.913858,13
New Customer Order,2013-06-28,2533.426966,21
New Customer Order,2013-06-29,1383.801498,11
New Customer Order,2013-06-30,4460.674157,24
New Customer Order,2013-07-01,2982.022472,18
New Customer Order,2013-07-02,1491.385768,13
New Customer Order,2013-07-03,1780.617978,12
New Customer Order,2013-07-04,2183.614232,18
New Customer Order,2013-07-05,2582.677903,18
New Customer Order,2013-07-06,4010.898876,16
New Customer Order,2013-07-07,6616.020599,44
New Customer Order,2013-07-08,3318.445693,24
New Customer Order,2013-07-09,3417.378277,23
New Customer Order,2013-07-10,2220.71161,19
New Customer Order,2013-07-11,2355.05618,17
New Customer Order,2013-07-12,3538.483146,12
New Customer Order,2013-07-13,1722.378277,9
New Customer Order,2013-07-14,3432.209738,34
New Customer Order,2013-07-15,2342.055604,19
New Customer Order,2013-07-16,3459.432234,32
New Customer Order,2013-07-17,1853.113553,19
New Customer Order,2013-07-18,4033.424908,38
New Customer Order,2013-07-19,2750.18315,26
New Customer Order,2013-07-20,2541.034799,18
New Customer Order,2013-07-21,5508.333333,44
New Customer Order,2013-07-22,2004.212454,19
New Customer Order,2013-07-23,2094.450549,22
New Customer Order,2013-07-24,1523.809524,19
New Customer Order,2013-07-25,1235.25641,14
New Customer Order,2013-07-26,1419.230769,11
New Customer Order,2013-07-27,605.03663,11
New Customer Order,2013-07-28,2292.582418,22
New Customer Order,2013-07-29,1294.230769,15
New Customer Order,2013-07-30,1180.677656,15
New Customer Order,2013-07-31,1710.164835,14
New Customer Order,2013-08-01,1298.076923,16
New Customer Order,2013-08-02,1244.505495,10
New Customer Order,2013-08-03,1439.377289,13
New Customer Order,2013-08-04,1144.871795,11
New Customer Order,2013-08-05,867.8571429,7
New Customer Order,2013-08-06,953.2967033,11
New Customer Order,2013-08-07,740.1098901,11
New Customer Order,2013-08-08,2537.545788,23
New Customer Order,2013-08-09,937.5457875,8
New Customer Order,2013-08-10,813.003663,10
New Customer Order,2013-08-11,2093.864469,14
New Customer Order,2013-08-12,419.5970696,7
New Customer Order,2013-08-13,1418.580586,13
New Customer Order,2013-08-14,928.6355311,8
New Customer Order,2013-08-15,1848.562271,9
New Customer Order,2013-08-16,2692.408425,15
New Customer Order,2013-08-17,894.3820225,7
New Customer Order,2013-08-18,1837.237828,12
New Customer Order,2013-08-19,1170.374532,11
New Customer Order,2013-08-20,3444.307116,20
New Customer Order,2013-08-21,2125.758427,12
New Customer Order,2013-08-22,3821.544944,18
New Customer Order,2013-08-23,1527.940075,10
New Customer Order,2013-08-24,1119.812734,10
New Customer Order,2013-08-25,5979.94382,25
New Customer Order,2013-08-26,818.164794,7
New Customer Order,2013-08-27,1705.262172,13
New Customer Order,2013-08-28,3234.101124,17
New Customer Order,2013-08-29,4860.187266,23
New Customer Order,2013-08-30,4329.269663,21
New Customer Order,2013-08-31,2757.200375,21
New Customer Order,2013-09-01,2765.393258,14
New Customer Order,2013-09-02,1740.440075,8
New Customer Order,2013-09-03,3957.434457,24
New Customer Order,2013-09-04,2170.009363,13
New Customer Order,2013-09-05,2390.917603,13
New Customer Order,2013-09-06,847.3782772,6
New Customer Order,2013-09-07,3645.599251,14
New Customer Order,2013-09-08,2461.797753,17
New Customer Order,2013-09-09,1825.187266,9
New Customer Order,2013-09-10,5865.917603,26
New Customer Order,2013-09-11,1421.722846,6
New Customer Order,2013-09-12,5320.973783,26
New Customer Order,2013-09-13,4163.29588,16
New Customer Order,2013-09-14,577.9962547,5
New Customer Order,2013-09-15,4621.741573,28
New Customer Order,2013-09-16,5227.911985,18
New Customer Order,2013-09-17,4646.067416,25
New Customer Order,2013-09-18,3285.393258,16
New Customer Order,2013-09-19,5017.901983,22
New Customer Order,2013-09-20,2434.185606,14
New Customer Order,2013-09-21,3012.784091,19
New Customer Order,2013-09-22,3432.386364,13
New Customer Order,2013-09-23,2754.554924,19
New Customer Order,2013-09-24,1421.875,9
New Customer Order,2013-09-25,3399.242424,18
New Customer Order,2013-09-26,2597.727273,15
New Customer Order,2013-09-27,2392.708333,17
New Customer Order,2013-09-28,3862.5,26
New Customer Order,2013-09-29,2822.357955,15
New Customer Order,2013-09-30,1255.454545,11
New Customer Order,2013-10-01,2273.106061,13
New Customer Order,2013-10-02,1100,10
New Customer Order,2013-10-03,2436.837121,19
New Customer Order,2013-10-04,1054.07197,7
New Customer Order,2013-10-05,8145.643939,34
New Customer Order,2013-10-06,6514.299242,27
New Customer Order,2013-10-07,2811.837121,18
New Customer Order,2013-10-08,2443.939394,13
New Customer Order,2013-10-09,2306.723485,12
New Customer Order,2013-10-10,3420.075758,20
New Customer Order,2013-10-11,4960.795455,17
New Customer Order,2013-10-12,1220.643939,8
New Customer Order,2013-10-13,3296.212121,17
New Customer Order,2013-10-14,1307.19697,12
New Customer Order,2013-10-15,2838.610827,18
New Customer Order,2013-10-16,2403.277154,14
New Customer Order,2013-10-17,4661.048689,22
New Customer Order,2013-10-18,6393.445693,31
New Customer Order,2013-10-19,4602.808989,21
New Customer Order,2013-10-20,7485.814607,48
New Customer Order,2013-10-21,2942.61236,14
New Customer Order,2013-10-22,2789.775281,19
New Customer Order,2013-10-23,2099.213483,10
New Customer Order,2013-10-24,4544.606742,27
New Customer Order,2013-10-25,2414.044944,14
New Customer Order,2013-10-26,2552.059925,20
New Customer Order,2013-10-27,6192.790262,35
New Customer Order,2013-10-28,2912.827715,16
New Customer Order,2013-10-29,2970.786517,15
New Customer Order,2013-10-30,4354.962547,33
New Customer Order,2013-10-31,4384.644195,29
New Customer Order,2013-11-01,1896.348315,15
New Customer Order,2013-11-02,1680.992509,11
New Customer Order,2013-11-03,5644.662921,26
New Customer Order,2013-11-04,2066.947566,15
New Customer Order,2013-11-05,5284.17603,23
New Customer Order,2013-11-06,1899.719101,18
New Customer Order,2013-11-07,1878.183521,14
New Customer Order,2013-11-08,1326.217228,9
New Customer Order,2013-11-09,2173.146067,18
New Customer Order,2013-11-10,1670.224719,15
New Customer Order,2013-11-11,978.2865169,8
New Customer Order,2013-11-12,2363.014981,19
New Customer Order,2013-11-13,2697.003745,15
New Customer Order,2013-11-14,6349.756554,32
New Customer Order,2013-11-15,2115.271536,11
New Customer Order,2013-11-16,2107.490637,8
New Customer Order,2013-11-17,5174.307116,21
New Customer Order,2013-11-18,1563.014981,12
New Customer Order,2013-11-19,3119.485019,19
New Customer Order,2013-11-20,2039.460972,11
New Customer Order,2013-11-21,3725,20
New Customer Order,2013-11-22,1380.965909,11
New Customer Order,2013-11-23,3026.231061,18
New Customer Order,2013-11-24,3376.704545,17
New Customer Order,2013-11-25,2822.642045,13
New Customer Order,2013-11-26,4316.287879,29
New Customer Order,2013-11-27,1832.102273,14
New Customer Order,2013-11-28,3497.537879,13
New Customer Order,2013-11-29,2847.840909,19
New Customer Order,2013-11-30,4007.007576,17
New Customer Order,2013-12-01,8363.929924,47
New Customer Order,2013-12-02,2808.901515,14
New Customer Order,2013-12-03,2020.359848,17
New Customer Order,2013-12-04,4607.386364,23
New Customer Order,2013-12-05,1701.799242,13
New Customer Order,2013-12-06,4046.789773,26
New Customer Order,2013-12-07,1583.42803,10
New Customer Order,2013-12-08,3071.695076,20
New Customer Order,2013-12-09,2582.19697,10
New Customer Order,2013-12-10,2786.55303,22
New Customer Order,2013-12-11,1935.795455,11
New Customer Order,2013-12-12,2172.253788,14
New Customer Order,2013-12-13,1605.132576,11
New Customer Order,2013-12-14,2106.837121,19
New Customer Order,2013-12-15,6982.481061,29
New Customer Order,2013-12-16,6379.933712,36
New Customer Order,2013-12-17,2615.92803,16
New Customer Order,2013-12-18,2865.056818,23
New Customer Order,2013-12-19,5586.363636,15
New Customer Order,2013-12-20,1960.32197,14
New Customer Order,2013-12-21,906.6287879,5
New Customer Order,2013-12-22,3741.098485,26
New Customer Order,2013-12-23,3046.875,14
New Customer Order,2013-12-24,956.5340909,7
New Customer Order,2013-12-25,705.4924242,6
New Customer Order,2013-12-26,3022.82197,22
New Customer Order,2013-12-27,1441.57197,11
New Customer Order,2013-12-28,6648.011364,30
New Customer Order,2013-12-29,2319.128788,18
New Customer Order,2013-12-30,2549.431818,17
New Customer Order,2013-12-31,4300.378788,34
New Customer Order,2014-01-01,1672.537879,12
Returning Customer Order,2012-01-01,91.76136364,1
Returning Customer Order,2012-01-02,221.3068182,3
Returning Customer Order,2012-01-03,145.6439394,2
Returning Customer Order,2012-01-04,219.4128788,3
Returning Customer Order,2012-01-05,133.4280303,1
Returning Customer Order,2012-01-06,257.1969697,4
Returning Customer Order,2012-01-07,43.46590909,1
Returning Customer Order,2012-01-08,105.9659091,1
Returning Customer Order,2012-01-09,505.8712121,4
Returning Customer Order,2012-01-10,281.8181818,3
Returning Customer Order,2012-01-11,64.29924242,1
Returning Customer Order,2012-01-12,37.78409091,1
Returning Customer Order,2012-01-13,126.7992424,1
Returning Customer Order,2012-01-14,614.8674242,2
Returning Customer Order,2012-01-15,1118.087121,3
Returning Customer Order,2012-01-16,404.8295455,3
Returning Customer Order,2012-01-17,45.35984848,1
Returning Customer Order,2012-01-18,270.4545455,2
Returning Customer Order,2012-01-19,522.1590909,1
Returning Customer Order,2012-01-20,693.2765152,7
Returning Customer Order,2012-01-21,375.4734848,4
Returning Customer Order,2012-01-22,737.3106061,5
Returning Customer Order,2012-01-23,797.2537879,2
Returning Customer Order,2012-01-25,91.76136364,1
Returning Customer Order,2012-01-26,157.9545455,2
Returning Customer Order,2012-01-27,201.2310606,4
Returning Customer Order,2012-01-28,180.4924242,3
Returning Customer Order,2012-01-29,395.3598485,2
Returning Customer Order,2012-01-30,87.97348485,1
Returning Customer Order,2012-01-31,83.23863636,1
Returning Customer Order,2012-02-01,138.0681818,1
Returning Customer Order,2012-02-02,131.4393939,1
Returning Customer Order,2012-02-03,626.9886364,3
Returning Customer Order,2012-02-04,141.0037879,2
Returning Customer Order,2012-02-06,117.3295455,1
Returning Customer Order,2012-02-07,58.61742424,1
Returning Customer Order,2012-02-08,251.4204545,4
Returning Customer Order,2012-02-09,80.39772727,1
Returning Customer Order,2012-02-10,217.4242424,2
Returning Customer Order,2012-02-11,532.7651515,2
Returning Customer Order,2012-02-13,361.1742424,4
Returning Customer Order,2012-02-14,90.81439394,1
Returning Customer Order,2012-02-16,66.19318182,1
Returning Customer Order,2012-02-17,158.9015152,2
Returning Customer Order,2012-02-18,1566.950758,4
Returning Customer Order,2012-02-19,440.8143939,2
Returning Customer Order,2012-02-20,172.1590909,2
Returning Customer Order,2012-02-21,312.1212121,1
Returning Customer Order,2012-02-22,369.7916667,3
Returning Customer Order,2012-02-23,205.2083333,2
Returning Customer Order,2012-02-24,623.5795455,2
Returning Customer Order,2012-02-25,851.7992424,4
Returning Customer Order,2012-02-26,241.1931818,1
Returning Customer Order,2012-02-27,313.0681818,3
Returning Customer Order,2012-02-28,438.7310606,3
Returning Customer Order,2012-02-29,276.2310606,2
Returning Customer Order,2012-03-01,316.0037879,2
Returning Customer Order,2012-03-03,342.2348485,2
Returning Customer Order,2012-03-04,1021.685606,5
Returning Customer Order,2012-03-05,230.7634535,2
Returning Customer Order,2012-03-06,263.0268199,3
Returning Customer Order,2012-03-07,742.816092,4
Returning Customer Order,2012-03-08,729.0229885,5
Returning Customer Order,2012-03-09,116.7624521,1
Returning Customer Order,2012-03-10,112.9310345,1
Returning Customer Order,2012-03-11,170.210728,2
Returning Customer Order,2012-03-12,541.3793103,2
Returning Customer Order,2012-03-13,248.6590038,2
Returning Customer Order,2012-03-14,332.8544061,2
Returning Customer Order,2012-03-15,294.7318008,3
Returning Customer Order,2012-03-16,116.6666667,1
Returning Customer Order,2012-03-18,674.8084291,1
Returning Customer Order,2012-03-19,1395.977011,3
Returning Customer Order,2012-03-20,681.1302682,4
Returning Customer Order,2012-03-21,363.5057471,1
Returning Customer Order,2012-03-22,471.9348659,3
Returning Customer Order,2012-03-23,600,3
Returning Customer Order,2012-03-25,419.2528736,1
Returning Customer Order,2012-03-27,213.3141762,3
Returning Customer Order,2012-03-28,33.42911877,1
Returning Customer Order,2012-03-30,273.6590038,2
Returning Customer Order,2012-03-31,201.7241379,2
Returning Customer Order,2012-04-01,61.20689655,1
Returning Customer Order,2012-04-02,363.4099617,5
Returning Customer Order,2012-04-03,410.3448276,2
Returning Customer Order,2012-04-04,112.9310345,1
Returning Customer Order,2012-04-05,252.5862069,1
Returning Customer Order,2012-04-06,572.4137931,2
Returning Customer Order,2012-04-07,53.5440613,1
Returning Customer Order,2012-04-08,250.6704981,1
Returning Customer Order,2012-04-09,565.4214559,4
Returning Customer Order,2012-04-10,143.48659,2
Returning Customer Order,2012-04-11,301.4367816,1
Returning Customer Order,2012-04-13,1228.735632,3
Returning Customer Order,2012-04-14,464.0804598,2
Returning Customer Order,2012-04-15,1641.091954,6
Returning Customer Order,2012-04-17,527.2030651,3
Returning Customer Order,2012-04-18,357.8544061,2
Returning Customer Order,2012-04-19,658.1417625,4
Returning Customer Order,2012-04-20,708.1417625,5
Returning Customer Order,2012-04-21,820.0191571,3
Returning Customer Order,2012-04-22,740.8045977,5
Returning Customer Order,2012-04-23,611.4942529,4
Returning Customer Order,2012-04-24,274.5210728,3
Returning Customer Order,2012-04-25,225.862069,1
Returning Customer Order,2012-04-26,100.4789272,1
Returning Customer Order,2012-04-27,450.4789272,3
Returning Customer Order,2012-04-28,103.256705,2
Returning Customer Order,2012-04-29,193.1992337,1
Returning Customer Order,2012-04-30,410.440613,4
Returning Customer Order,2012-05-01,100.4789272,1
Returning Customer Order,2012-05-02,464.0804598,2
Returning Customer Order,2012-05-03,134.0038314,1
Returning Customer Order,2012-05-04,448.7547893,1
Returning Customer Order,2012-05-05,743.5823755,3
Returning Customer Order,2012-05-06,1180.747126,3
Returning Customer Order,2012-05-07,1417.911877,7
Returning Customer Order,2012-05-08,603.5440613,4
Returning Customer Order,2012-05-09,494.8275862,3
Returning Customer Order,2012-05-10,84.1954023,1
Returning Customer Order,2012-05-11,444.7318008,4
Returning Customer Order,2012-05-13,486.9731801,3
Returning Customer Order,2012-05-14,1093.390805,2
Returning Customer Order,2012-05-15,318.48659,2
Returning Customer Order,2012-05-16,750.2873563,2
Returning Customer Order,2012-05-17,321.5517241,1
Returning Customer Order,2012-05-18,474.6168582,2
Returning Customer Order,2012-05-19,112.9310345,1
Returning Customer Order,2012-05-20,594.348659,5
Returning Customer Order,2012-05-21,257.9501916,1
Returning Customer Order,2012-05-23,216.2835249,2
Returning Customer Order,2012-05-24,109.0996169,1
Returning Customer Order,2012-05-25,886.5900383,7
Returning Customer Order,2012-05-26,481.3218391,3
Returning Customer Order,2012-05-27,1238.122605,6
Returning Customer Order,2012-05-28,758.908046,5
Returning Customer Order,2012-05-29,1034.482759,5
Returning Customer Order,2012-05-30,351.0536398,3
Returning Customer Order,2012-05-31,265.9961686,1
Returning Customer Order,2012-06-01,366.4750958,3
Returning Customer Order,2012-06-02,470.8812261,4
Returning Customer Order,2012-06-03,292.816092,1
Returning Customer Order,2012-06-04,131.9923372,1
Returning Customer Order,2012-06-05,226.6283525,2
Returning Customer Order,2012-06-06,546.1685824,6
Returning Customer Order,2012-06-07,619.8275862,3
Returning Customer Order,2012-06-08,964.4636015,5
Returning Customer Order,2012-06-09,197.9885057,1
Returning Customer Order,2012-06-10,461.1111111,4
Returning Customer Order,2012-06-11,667.0498084,5
Returning Customer Order,2012-06-12,109.0996169,1
Returning Customer Order,2012-06-13,356.8965517,3
Returning Customer Order,2012-06-14,673.5632184,5
Returning Customer Order,2012-06-15,125.3831418,1
Returning Customer Order,2012-06-16,1954.789272,6
Returning Customer Order,2012-06-17,485.9195402,2
Returning Customer Order,2012-06-18,130.0766284,2
Returning Customer Order,2012-06-19,334.7701149,4
Returning Customer Order,2012-06-20,1884.386973,6
Returning Customer Order,2012-06-21,374.0421456,4
Returning Customer Order,2012-06-22,1072.796935,7
Returning Customer Order,2012-06-23,235.1532567,4
Returning Customer Order,2012-06-24,1127.969349,4
Returning Customer Order,2012-06-25,3715.900383,4
Returning Customer Order,2012-06-26,573.9463602,4
Returning Customer Order,2012-06-27,559.8659004,2
Returning Customer Order,2012-06-28,1435.249042,8
Returning Customer Order,2012-06-29,1164.846743,4
Returning Customer Order,2012-06-30,1489.463602,7
Returning Customer Order,2012-07-01,1392.049808,7
Returning Customer Order,2012-07-02,64.08045977,1
Returning Customer Order,2012-07-03,159.7701149,2
Returning Customer Order,2012-07-04,109.0038314,2
Returning Customer Order,2012-07-05,469.8275862,4
Returning Customer Order,2012-07-06,1856.800766,7
Returning Customer Order,2012-07-07,1487.164751,5
Returning Customer Order,2012-07-08,732.8544061,3
Returning Customer Order,2012-07-09,547.1264368,5
Returning Customer Order,2012-07-10,88.02681992,1
Returning Customer Order,2012-07-11,835.0574713,8
Returning Customer Order,2012-07-12,41.95402299,1
Returning Customer Order,2012-07-13,1029.980843,6
Returning Customer Order,2012-07-14,502.2030651,6
Returning Customer Order,2012-07-15,601.7241379,6
Returning Customer Order,2012-07-16,298.2758621,3
Returning Customer Order,2012-07-17,652.2030651,5
Returning Customer Order,2012-07-18,451.3984674,5
Returning Customer Order,2012-07-19,230.105364,3
Returning Customer Order,2012-07-20,928.6398467,5
Returning Customer Order,2012-07-21,774.4827586,6
Returning Customer Order,2012-07-22,937.0689655,8
Returning Customer Order,2012-07-24,253.3524904,4
Returning Customer Order,2012-07-25,246.8390805,2
Returning Customer Order,2012-07-26,310.6321839,4
Returning Customer Order,2012-07-27,390.1340996,5
Returning Customer Order,2012-07-28,579.5019157,5
Returning Customer Order,2012-07-29,467.3371648,8
Returning Customer Order,2012-07-30,840.8045977,5
Returning Customer Order,2012-07-31,553.4482759,1
Returning Customer Order,2012-08-01,765.9961686,3
Returning Customer Order,2012-08-02,357.7586207,2
Returning Customer Order,2012-08-03,173.1800766,1
Returning Customer Order,2012-08-04,827.9693487,4
Returning Customer Order,2012-08-05,657.4712644,2
Returning Customer Order,2012-08-06,500.1915709,4
Returning Customer Order,2012-08-07,651.7241379,2
Returning Customer Order,2012-08-08,50.67049808,1
Returning Customer Order,2012-08-09,860.0574713,2
Returning Customer Order,2012-08-10,2810.153257,8
Returning Customer Order,2012-08-12,914.6934866,3
Returning Customer Order,2012-08-13,1044.54023,4
Returning Customer Order,2012-08-14,1063.314176,4
Returning Customer Order,2012-08-15,526.1494253,4
Returning Customer Order,2012-08-16,100.3831418,2
Returning Customer Order,2012-08-17,926.1494253,5
Returning Customer Order,2012-08-18,133.045977,1
Returning Customer Order,2012-08-19,360.7279693,4
Returning Customer Order,2012-08-20,260.1532567,2
Returning Customer Order,2012-08-22,401.8199234,2
Returning Customer Order,2012-08-23,453.4482759,5
Returning Customer Order,2012-08-24,247.7011494,3
Returning Customer Order,2012-08-25,168.1992337,4
Returning Customer Order,2012-08-26,499.3295019,4
Returning Customer Order,2012-08-27,1283.630268,5
Returning Customer Order,2012-08-28,154.8850575,1
Returning Customer Order,2012-08-29,172.9885057,4
Returning Customer Order,2012-08-30,590.3256705,2
Returning Customer Order,2012-09-01,366.3793103,4
Returning Customer Order,2012-09-02,818.2088123,5
Returning Customer Order,2012-09-03,758.7164751,6
Returning Customer Order,2012-09-04,116.5804598,1
Returning Customer Order,2012-09-05,1629.789272,4
Returning Customer Order,2012-09-06,200.862069,2
Returning Customer Order,2012-09-07,1932.460878,5
Returning Customer Order,2012-09-08,1002.309237,3
Returning Customer Order,2012-09-09,473.2931727,5
Returning Customer Order,2012-09-10,1068.273092,5
Returning Customer Order,2012-09-11,602.6104418,5
Returning Customer Order,2012-09-12,701.2048193,5
Returning Customer Order,2012-09-13,985.9437751,2
Returning Customer Order,2012-09-14,413.253012,3
Returning Customer Order,2012-09-15,480.3212851,4
Returning Customer Order,2012-09-16,572.7911647,4
Returning Customer Order,2012-09-17,764.3574297,5
Returning Customer Order,2012-09-18,327.0080321,3
Returning Customer Order,2012-09-19,885.7429719,3
Returning Customer Order,2012-09-20,736.1445783,3
Returning Customer Order,2012-09-21,336.9477912,4
Returning Customer Order,2012-09-22,445.1807229,4
Returning Customer Order,2012-09-23,2003.524096,5
Returning Customer Order,2012-09-24,690.1606426,5
Returning Customer Order,2012-09-25,447.188755,4
Returning Customer Order,2012-09-26,1145.682731,5
Returning Customer Order,2012-09-27,750.813253,4
Returning Customer Order,2012-09-28,3479.026104,7
Returning Customer Order,2012-09-29,714.1566265,3
Returning Customer Order,2012-09-30,1480.62249,2
Returning Customer Order,2012-10-01,598.6947791,4
Returning Customer Order,2012-10-02,1217.168675,4
Returning Customer Order,2012-10-03,763.3534137,7
Returning Customer Order,2012-10-04,1118.072289,6
Returning Customer Order,2012-10-05,202.6104418,1
Returning Customer Order,2012-10-06,88.25301205,1
Returning Customer Order,2012-10-07,795.3815261,6
Returning Customer Order,2012-10-08,486.5461847,3
Returning Customer Order,2012-10-09,3282.429719,9
Returning Customer Order,2012-10-10,1661.746988,4
Returning Customer Order,2012-10-11,392.0682731,4
Returning Customer Order,2012-10-12,283.935743,2
Returning Customer Order,2012-10-13,1643.875502,8
Returning Customer Order,2012-10-14,166.3654618,3
Returning Customer Order,2012-10-15,1283.73494,4
Returning Customer Order,2012-10-16,3138.453815,3
Returning Customer Order,2012-10-17,684.1365462,5
Returning Customer Order,2012-10-19,1178.514056,6
Returning Customer Order,2012-10-20,698.1927711,3
Returning Customer Order,2012-10-21,1111.345382,8
Returning Customer Order,2012-10-22,191.5662651,2
Returning Customer Order,2012-10-23,980.0200803,4
Returning Customer Order,2012-10-24,1902.208835,6
Returning Customer Order,2012-10-25,2283.433735,12
Returning Customer Order,2012-10-26,648.7951807,5
Returning Customer Order,2012-10-27,651.2048193,2
Returning Customer Order,2012-10-28,1629.216867,7
Returning Customer Order,2012-10-29,975,5
Returning Customer Order,2012-10-30,302.9116466,3
Returning Customer Order,2012-10-31,493.373494,2
Returning Customer Order,2012-11-01,759.5381526,3
Returning Customer Order,2012-11-02,92.26907631,1
Returning Customer Order,2012-11-03,468.2730924,6
Returning Customer Order,2012-11-04,1071.285141,6
Returning Customer Order,2012-11-05,813.6546185,3
Returning Customer Order,2012-11-06,1334.236948,6
Returning Customer Order,2012-11-07,635.0401606,3
Returning Customer Order,2012-11-08,263.8554217,2
Returning Customer Order,2012-11-09,519.5783133,4
Returning Customer Order,2012-11-10,1149.698795,5
Returning Customer Order,2012-11-11,1197.791165,8
Returning Customer Order,2012-11-12,2167.791165,11
Returning Customer Order,2012-11-13,1241.767068,9
Returning Customer Order,2012-11-14,942.9718876,7
Returning Customer Order,2012-11-15,3868.875502,5
Returning Customer Order,2012-11-16,1313.052209,8
Returning Customer Order,2012-11-17,1271.787149,8
Returning Customer Order,2012-11-18,1560.441767,7
Returning Customer Order,2012-11-19,1180.220884,5
Returning Customer Order,2012-11-20,1573.995984,5
Returning Customer Order,2012-11-21,1648.092369,10
Returning Customer Order,2012-11-22,67.1686747,1
Returning Customer Order,2012-11-23,905.62249,5
Returning Customer Order,2012-11-24,946.8875502,6
Returning Customer Order,2012-11-25,769.1767068,4
Returning Customer Order,2012-11-26,2503.714859,8
Returning Customer Order,2012-11-27,3443.273092,9
Returning Customer Order,2012-11-28,1351.004016,9
Returning Customer Order,2012-11-29,988.9558233,7
Returning Customer Order,2012-11-30,452.5100402,2
Returning Customer Order,2012-12-01,454.1164659,4
Returning Customer Order,2012-12-02,902.6104418,6
Returning Customer Order,2012-12-03,472.4899598,4
Returning Customer Order,2012-12-04,931.0240964,7
Returning Customer Order,2012-12-05,839.4578313,6
Returning Customer Order,2012-12-06,231.7269076,2
Returning Customer Order,2012-12-07,511.3453815,6
Returning Customer Order,2012-12-08,2818.674699,10
Returning Customer Order,2012-12-09,901.6064257,6
Returning Customer Order,2012-12-10,699.8995984,5
Returning Customer Order,2012-12-11,643.875502,4
Returning Customer Order,2012-12-12,2560.261044,8
Returning Customer Order,2012-12-13,978.5040161,6
Returning Customer Order,2012-12-14,907.3293173,5
Returning Customer Order,2012-12-15,1306.927711,9
Returning Customer Order,2012-12-16,391.1646586,3
Returning Customer Order,2012-12-17,1106.716867,9
Returning Customer Order,2012-12-18,1821.516064,7
Returning Customer Order,2012-12-19,382.9317269,3
Returning Customer Order,2012-12-20,878.5140562,7
Returning Customer Order,2012-12-21,278.815261,3
Returning Customer Order,2012-12-22,431.2248996,2
Returning Customer Order,2012-12-23,209.5381526,2
Returning Customer Order,2012-12-24,1246.88755,4
Returning Customer Order,2012-12-25,283.935743,1
Returning Customer Order,2012-12-26,222.5903614,2
Returning Customer Order,2012-12-27,592.5702811,7
Returning Customer Order,2012-12-28,2284.638554,7
Returning Customer Order,2012-12-29,352.9116466,4
Returning Customer Order,2012-12-30,2055.62249,8
Returning Customer Order,2012-12-31,2178.815261,11
Returning Customer Order,2013-01-01,648.9959839,2
Returning Customer Order,2013-01-02,2007.128514,11
Returning Customer Order,2013-01-03,1097.991968,7
Returning Customer Order,2013-01-04,596.7871486,5
Returning Customer Order,2013-01-05,1362.449799,8
Returning Customer Order,2013-01-06,725.6726908,5
Returning Customer Order,2013-01-07,1588.75502,4
Returning Customer Order,2013-01-08,2861.967871,8
Returning Customer Order,2013-01-09,732.3293173,4
Returning Customer Order,2013-01-10,919.8795181,6
Returning Customer Order,2013-01-11,843.373494,6
Returning Customer Order,2013-01-12,691.8674699,6
Returning Customer Order,2013-01-13,2259.839357,6
Returning Customer Order,2013-01-14,672.9116466,6
Returning Customer Order,2013-01-15,1457.238956,10
Returning Customer Order,2013-01-16,745.8835341,6
Returning Customer Order,2013-01-17,851.3052209,7
Returning Customer Order,2013-01-18,634.939759,6
Returning Customer Order,2013-01-19,1312.148594,11
Returning Customer Order,2013-01-20,632.4297189,9
Returning Customer Order,2013-01-21,50.10040161,1
Returning Customer Order,2013-01-22,1057.931727,10
Returning Customer Order,2013-01-23,848.0923695,6
Returning Customer Order,2013-01-24,266.8674699,1
Returning Customer Order,2013-01-25,823.9959839,7
Returning Customer Order,2013-01-26,973.3935743,7
Returning Customer Order,2013-01-27,155.2208835,2
Returning Customer Order,2013-01-28,544.2771084,6
Returning Customer Order,2013-01-29,1070.080321,9
Returning Customer Order,2013-01-30,386.1445783,3
Returning Customer Order,2013-01-31,539.5582329,6
Returning Customer Order,2013-02-01,473.2931727,4
Returning Customer Order,2013-02-02,541.1646586,6
Returning Customer Order,2013-02-03,2137.951807,11
Returning Customer Order,2013-02-04,1052.710843,10
Returning Customer Order,2013-02-05,547.3895582,7
Returning Customer Order,2013-02-06,593.7751004,3
Returning Customer Order,2013-02-07,894.5783133,7
Returning Customer Order,2013-02-08,1007.831325,8
Returning Customer Order,2013-02-09,1406.325301,6
Returning Customer Order,2013-02-10,381.124498,3
Returning Customer Order,2013-02-11,1526.204819,7
Returning Customer Order,2013-02-12,309.7389558,5
Returning Customer Order,2013-02-13,1617.971888,8
Returning Customer Order,2013-02-14,230.5220884,2
Returning Customer Order,2013-02-15,856.4257028,9
Returning Customer Order,2013-02-16,980.1204819,6
Returning Customer Order,2013-02-17,807.2289157,8
Returning Customer Order,2013-02-18,34.03614458,1
Returning Customer Order,2013-02-19,1465.261044,6
Returning Customer Order,2013-02-20,607.6305221,4
Returning Customer Order,2013-02-21,1246.686747,5
Returning Customer Order,2013-02-22,256.626506,2
Returning Customer Order,2013-02-23,833.3333333,6
Returning Customer Order,2013-02-24,879.7188755,3
Returning Customer Order,2013-02-25,505.3212851,6
Returning Customer Order,2013-02-26,738.464971,8
Returning Customer Order,2013-02-27,1356.666667,10
Returning Customer Order,2013-02-28,341.2962963,3
Returning Customer Order,2013-03-01,637.962963,5
Returning Customer Order,2013-03-02,1705.648148,11
Returning Customer Order,2013-03-03,891.8518519,6
Returning Customer Order,2013-03-04,1590.925926,7
Returning Customer Order,2013-03-05,181.2037037,2
Returning Customer Order,2013-03-06,1169.166667,7
Returning Customer Order,2013-03-07,1123.796296,6
Returning Customer Order,2013-03-08,1260.555556,9
Returning Customer Order,2013-03-09,706.4814815,4
Returning Customer Order,2013-03-10,1842.287037,8
Returning Customer Order,2013-03-11,597.6851852,4
Returning Customer Order,2013-03-12,1740.277778,11
Returning Customer Order,2013-03-13,1869.259259,10
Returning Customer Order,2013-03-14,1171.851852,5
Returning Customer Order,2013-03-15,586.2962963,6
Returning Customer Order,2013-03-16,2344.166667,12
Returning Customer Order,2013-03-17,1688.148148,9
Returning Customer Order,2013-03-18,603.9814815,6
Returning Customer Order,2013-03-19,2296.018519,10
Returning Customer Order,2013-03-20,1257.777778,8
Returning Customer Order,2013-03-21,1343.888889,7
Returning Customer Order,2013-03-22,1330.925926,8
Returning Customer Order,2013-03-23,1581.490741,6
Returning Customer Order,2013-03-24,2233.888889,11
Returning Customer Order,2013-03-25,588.0555556,4
Returning Customer Order,2013-03-26,1702.12963,6
Returning Customer Order,2013-03-27,153.4259259,2
Returning Customer Order,2013-03-28,1907.972222,5
Returning Customer Order,2013-03-29,1101.759259,7
Returning Customer Order,2013-03-30,152.5925926,2
Returning Customer Order,2013-03-31,781.4814815,4
Returning Customer Order,2013-04-01,774.2592593,5
Returning Customer Order,2013-04-02,1040.740741,6
Returning Customer Order,2013-04-03,551.2037037,6
Returning Customer Order,2013-04-04,973.1481481,8
Returning Customer Order,2013-04-05,953.7962963,7
Returning Customer Order,2013-04-06,506.8518519,5
Returning Customer Order,2013-04-07,1868.333333,10
Returning Customer Order,2013-04-08,1517.037037,8
Returning Customer Order,2013-04-09,2252.592593,11
Returning Customer Order,2013-04-10,980.6481481,6
Returning Customer Order,2013-04-11,558.6111111,4
Returning Customer Order,2013-04-12,668.5185185,6
Returning Customer Order,2013-04-13,2260.37037,7
Returning Customer Order,2013-04-14,867.7777778,7
Returning Customer Order,2013-04-15,1044.101124,8
Returning Customer Order,2013-04-16,1378.932584,7
Returning Customer Order,2013-04-17,348.9700375,2
Returning Customer Order,2013-04-18,763.0149813,7
Returning Customer Order,2013-04-19,1296.067416,11
Returning Customer Order,2013-04-20,1144.007491,9
Returning Customer Order,2013-04-21,1336.610487,8
Returning Customer Order,2013-04-22,1981.64794,7
Returning Customer Order,2013-04-23,2027.902622,9
Returning Customer Order,2013-04-24,687.2659176,5
Returning Customer Order,2013-04-25,1517.977528,12
Returning Customer Order,2013-04-26,1763.951311,12
Returning Customer Order,2013-04-27,1167.228464,7
Returning Customer Order,2013-04-28,1867.041199,10
Returning Customer Order,2013-04-29,1713.670412,10
Returning Customer Order,2013-04-30,889.6067416,7
Returning Customer Order,2013-05-01,1242.790262,8
Returning Customer Order,2013-05-02,2244.94382,11
Returning Customer Order,2013-05-03,1268.539326,9
Returning Customer Order,2013-05-04,2718.35206,12
Returning Customer Order,2013-05-05,850.093633,8
Returning Customer Order,2013-05-06,2294.756554,13
Returning Customer Order,2013-05-07,1314.044944,9
Returning Customer Order,2013-05-08,1008.052434,8
Returning Customer Order,2013-05-09,1025.93633,7
Returning Customer Order,2013-05-10,366.6666667,3
Returning Customer Order,2013-05-11,2889.138577,14
Returning Customer Order,2013-05-12,1841.947566,9
Returning Customer Order,2013-05-13,433.0524345,5
Returning Customer Order,2013-05-14,657.5842697,3
Returning Customer Order,2013-05-15,930.8052434,8
Returning Customer Order,2013-05-16,1325.468165,7
Returning Customer Order,2013-05-17,1297.284644,8
Returning Customer Order,2013-05-18,2927.808989,12
Returning Customer Order,2013-05-19,689.4194757,4
Returning Customer Order,2013-05-20,842.6966292,6
Returning Customer Order,2013-05-21,1275.749064,8
Returning Customer Order,2013-05-22,1144.475655,6
Returning Customer Order,2013-05-23,857.7715356,5
Returning Customer Order,2013-05-24,895.9737828,7
Returning Customer Order,2013-05-25,780.7116105,6
Returning Customer Order,2013-05-26,597.8464419,3
Returning Customer Order,2013-05-27,1908.895131,13
Returning Customer Order,2013-05-28,1258.520599,10
Returning Customer Order,2013-05-29,971.9101124,5
Returning Customer Order,2013-05-30,2867.509363,9
Returning Customer Order,2013-05-31,1442.602996,6
Returning Customer Order,2013-06-01,558.4269663,3
Returning Customer Order,2013-06-02,1280.524345,8
Returning Customer Order,2013-06-03,1181.554307,10
Returning Customer Order,2013-06-04,1890.168539,8
Returning Customer Order,2013-06-05,2153.183521,11
Returning Customer Order,2013-06-06,998.1273408,7
Returning Customer Order,2013-06-07,764.1385768,5
Returning Customer Order,2013-06-08,428.3707865,3
Returning Customer Order,2013-06-09,1545.786517,11
Returning Customer Order,2013-06-10,1829.588015,12
Returning Customer Order,2013-06-11,1210.674157,5
Returning Customer Order,2013-06-12,1436.70412,7
Returning Customer Order,2013-06-13,1199.250936,7
Returning Customer Order,2013-06-14,660.4868914,4
Returning Customer Order,2013-06-15,1411.910112,8
Returning Customer Order,2013-06-16,1983.314607,9
Returning Customer Order,2013-06-17,1264.23221,10
Returning Customer Order,2013-06-18,839.8876404,6
Returning Customer Order,2013-06-19,831.5543071,6
Returning Customer Order,2013-06-20,1232.659176,7
Returning Customer Order,2013-06-21,2048.220974,6
Returning Customer Order,2013-06-22,1534.363296,6
Returning Customer Order,2013-06-23,1452.247191,13
Returning Customer Order,2013-06-24,421.7228464,2
Returning Customer Order,2013-06-25,1456.086142,10
Returning Customer Order,2013-06-26,1076.797753,10
Returning Customer Order,2013-06-27,801.5168539,8
Returning Customer Order,2013-06-28,952.7153558,8
Returning Customer Order,2013-06-29,589.8876404,8
Returning Customer Order,2013-06-30,497.4719101,5
Returning Customer Order,2013-07-01,2636.329588,9
Returning Customer Order,2013-07-02,1344.007491,7
Returning Customer Order,2013-07-03,1158.707865,6
Returning Customer Order,2013-07-04,634.082397,7
Returning Customer Order,2013-07-05,824.2228464,7
Returning Customer Order,2013-07-06,1500.05618,12
Returning Customer Order,2013-07-07,1590.82397,10
Returning Customer Order,2013-07-08,418.8202247,5
Returning Customer Order,2013-07-09,2423.183521,18
Returning Customer Order,2013-07-10,2321.273408,19
Returning Customer Order,2013-07-11,3293.782772,11
Returning Customer Order,2013-07-12,370.1310861,6
Returning Customer Order,2013-07-13,535.7677903,5
Returning Customer Order,2013-07-14,1054.494382,12
Returning Customer Order,2013-07-15,2379.327695,17
Returning Customer Order,2013-07-16,1429.945055,15
Returning Customer Order,2013-07-17,1516.849817,11
Returning Customer Order,2013-07-18,2273.534799,14
Returning Customer Order,2013-07-19,919.96337,10
Returning Customer Order,2013-07-20,658.2417582,7
Returning Customer Order,2013-07-21,1272.435897,12
Returning Customer Order,2013-07-22,579.3040293,8
Returning Customer Order,2013-07-23,1298.919414,20
Returning Customer Order,2013-07-24,1402.289377,17
Returning Customer Order,2013-07-25,2536.080586,13
Returning Customer Order,2013-07-26,765.7509158,12
Returning Customer Order,2013-07-27,221.2454212,4
Returning Customer Order,2013-07-28,1224.542125,11
Returning Customer Order,2013-07-29,1519.413919,11
Returning Customer Order,2013-07-30,1347.435897,10
Returning Customer Order,2013-07-31,554.9450549,8
Returning Customer Order,2013-08-01,365.7509158,4
Returning Customer Order,2013-08-02,838.3699634,8
Returning Customer Order,2013-08-03,1291.208791,14
Returning Customer Order,2013-08-04,964.7435897,10
Returning Customer Order,2013-08-05,786.6300366,7
Returning Customer Order,2013-08-06,898.0769231,10
Returning Customer Order,2013-08-07,898.1684982,9
Returning Customer Order,2013-08-08,1144.96337,9
Returning Customer Order,2013-08-09,1417.307692,13
Returning Customer Order,2013-08-10,765.8424908,5
Returning Customer Order,2013-08-11,877.1062271,9
Returning Customer Order,2013-08-12,505.7692308,4
Returning Customer Order,2013-08-13,1177.564103,7
Returning Customer Order,2013-08-14,1478.443223,9
Returning Customer Order,2013-08-15,433.4432234,5
Returning Customer Order,2013-08-16,1655.965654,7
Returning Customer Order,2013-08-17,1188.426966,6
Returning Customer Order,2013-08-18,652.9400749,5
Returning Customer Order,2013-08-19,1799.007491,9
Returning Customer Order,2013-08-20,1567.986891,7
Returning Customer Order,2013-08-21,1168.661049,11
Returning Customer Order,2013-08-22,1502.050562,4
Returning Customer Order,2013-08-23,2414.222846,9
Returning Customer Order,2013-08-24,1096.910112,7
Returning Customer Order,2013-08-25,1080.505618,5
Returning Customer Order,2013-08-26,2038.529963,10
Returning Customer Order,2013-08-27,1074.382022,9
Returning Customer Order,2013-08-28,1135.477528,10
Returning Customer Order,2013-08-29,2198.857678,14
Returning Customer Order,2013-08-30,2268.220974,16
Returning Customer Order,2013-08-31,1227.088015,11
Returning Customer Order,2013-09-01,3238.792135,16
Returning Customer Order,2013-09-02,1036.694757,6
Returning Customer Order,2013-09-03,1734.269663,8
Returning Customer Order,2013-09-04,1178.089888,4
Returning Customer Order,2013-09-05,1532.677903,8
Returning Customer Order,2013-09-06,2247.378277,8
Returning Customer Order,2013-09-07,1014.88764,7
Returning Customer Order,2013-09-08,851.2172285,8
Returning Customer Order,2013-09-09,1404.962547,7
Returning Customer Order,2013-09-10,791.3857678,8
Returning Customer Order,2013-09-11,744.2883895,4
Returning Customer Order,2013-09-12,535.0187266,3
Returning Customer Order,2013-09-13,1225.280899,7
Returning Customer Order,2013-09-14,1258.810861,6
Returning Customer Order,2013-09-15,1328.183521,6
Returning Customer Order,2013-09-16,987.8277154,9
Returning Customer Order,2013-09-17,717.3220974,6
Returning Customer Order,2013-09-18,995.1310861,7
Returning Customer Order,2013-09-19,148.3901515,2
Returning Customer Order,2013-09-20,833.5227273,6
Returning Customer Order,2013-09-21,429.3560606,5
Returning Customer Order,2013-09-22,428.6931818,3
Returning Customer Order,2013-09-23,2334.280303,10
Returning Customer Order,2013-09-24,2484.375,10
Returning Customer Order,2013-09-25,1596.306818,10
Returning Customer Order,2013-09-26,971.5909091,5
Returning Customer Order,2013-09-27,667.2348485,4
Returning Customer Order,2013-09-28,313.1628788,3
Returning Customer Order,2013-09-29,607.3863636,4
Returning Customer Order,2013-09-30,1228.238636,6
Returning Customer Order,2013-10-01,690.625,6
Returning Customer Order,2013-10-02,1398.390152,8
Returning Customer Order,2013-10-03,435.9848485,4
Returning Customer Order,2013-10-04,914.6780303,4
Returning Customer Order,2013-10-05,1984.375,9
Returning Customer Order,2013-10-06,564.5833333,5
Returning Customer Order,2013-10-07,332.9545455,4
Returning Customer Order,2013-10-08,567.6136364,5
Returning Customer Order,2013-10-09,580.8712121,5
Returning Customer Order,2013-10-10,1239.488636,8
Returning Customer Order,2013-10-11,908.4280303,4
Returning Customer Order,2013-10-12,536.3636364,5
Returning Customer Order,2013-10-13,1100.284091,5
Returning Customer Order,2013-10-14,1608.238636,9
Returning Customer Order,2013-10-15,907.2097378,8
Returning Customer Order,2013-10-16,2238.576779,9
Returning Customer Order,2013-10-17,1185.674157,7
Returning Customer Order,2013-10-18,719.1947566,6
Returning Customer Order,2013-10-19,811.1423221,5
Returning Customer Order,2013-10-20,1424.073034,10
Returning Customer Order,2013-10-21,2420.280899,11
Returning Customer Order,2013-10-22,495.6928839,4
Returning Customer Order,2013-10-23,671.6292135,4
Returning Customer Order,2013-10-24,705.2434457,6
Returning Customer Order,2013-10-25,1297.659176,7
Returning Customer Order,2013-10-26,1783.146067,11
Returning Customer Order,2013-10-27,1772.47191,12
Returning Customer Order,2013-10-28,930.3370787,9
Returning Customer Order,2013-10-29,1165.543071,3
Returning Customer Order,2013-10-30,1209.269663,8
Returning Customer Order,2013-10-31,1536.329588,10
Returning Customer Order,2013-11-01,1694.662921,10
Returning Customer Order,2013-11-02,1301.029963,10
Returning Customer Order,2013-11-03,1600.280899,12
Returning Customer Order,2013-11-04,1190.82397,8
Returning Customer Order,2013-11-05,763.1086142,7
Returning Customer Order,2013-11-06,681.6479401,7
Returning Customer Order,2013-11-07,1440.543071,8
Returning Customer Order,2013-11-08,2168.35206,6
Returning Customer Order,2013-11-09,636.994382,7
Returning Customer Order,2013-11-10,1437.734082,11
Returning Customer Order,2013-11-11,1192.509363,8
Returning Customer Order,2013-11-12,3048.970037,13
Returning Customer Order,2013-11-13,2200,8
Returning Customer Order,2013-11-14,1429.494382,9
Returning Customer Order,2013-11-15,2587.228464,12
Returning Customer Order,2013-11-16,2813.389513,16
Returning Customer Order,2013-11-17,1691.863296,14
Returning Customer Order,2013-11-18,1764.044944,15
Returning Customer Order,2013-11-19,745.505618,4
Returning Customer Order,2013-11-20,582.0011917,5
Returning Customer Order,2013-11-21,998.0113636,5
Returning Customer Order,2013-11-22,999.9147727,8
Returning Customer Order,2013-11-23,2070.833333,14
Returning Customer Order,2013-11-24,435.3219697,3
Returning Customer Order,2013-11-25,1558.532197,8
Returning Customer Order,2013-11-26,2595.464015,13
Returning Customer Order,2013-11-27,1546.875,9
Returning Customer Order,2013-11-28,968.844697,8
Returning Customer Order,2013-11-29,858.0492424,6
Returning Customer Order,2013-11-30,2896.88447,13
Returning Customer Order,2013-12-01,1216.477273,10
Returning Customer Order,2013-12-02,1955.587121,10
Returning Customer Order,2013-12-03,2439.204545,11
Returning Customer Order,2013-12-04,2123.011364,14
Returning Customer Order,2013-12-05,1084.943182,9
Returning Customer Order,2013-12-06,1507.102273,9
Returning Customer Order,2013-12-07,2862.973485,6
Returning Customer Order,2013-12-08,2259.943182,14
Returning Customer Order,2013-12-09,1721.988636,10
Returning Customer Order,2013-12-10,2997.348485,14
Returning Customer Order,2013-12-11,1511.467803,11
Returning Customer Order,2013-12-12,1935.890152,11
Returning Customer Order,2013-12-13,1429.223485,7
Returning Customer Order,2013-12-14,1664.488636,6
Returning Customer Order,2013-12-15,952.6515152,5
Returning Customer Order,2013-12-16,509.5643939,5
Returning Customer Order,2013-12-17,1102.17803,8
Returning Customer Order,2013-12-18,2076.893939,11
Returning Customer Order,2013-12-19,463.5416667,4
Returning Customer Order,2013-12-20,283.8068182,3
Returning Customer Order,2013-12-21,507.1969697,3
Returning Customer Order,2013-12-22,601.7992424,4
Returning Customer Order,2013-12-23,425.7575758,4
Returning Customer Order,2013-12-24,685.0378788,4
Returning Customer Order,2013-12-25,236.3636364,4
Returning Customer Order,2013-12-26,1293.371212,4
Returning Customer Order,2013-12-27,1216.477273,7
Returning Customer Order,2013-12-28,1359.564394,9
Returning Customer Order,2013-12-29,1136.55303,5
Returning Customer Order,2013-12-30,1055.587121,8
Returning Customer Order,2013-12-31,1477.651515,11
Returning Customer Order,2014-01-01,601.5151515,4
